source,target,score
36.0,64.0,0.9104477611940298
36.0,315.0,0.9253731343283582
36.0,164.0,0.9402985074626866
36.0,396.0,0.9402985074626866
36.0,397.0,0.9104477611940298
36.0,331.0,0.9253731343283582
36.0,76.0,0.9253731343283582
36.0,141.0,0.9552238805970149
36.0,402.0,0.9104477611940298
36.0,292.0,0.9104477611940298
36.0,4.0,0.9104477611940298
36.0,44.0,0.9402985074626866
36.0,55.0,0.9104477611940298
36.0,188.0,0.9104477611940298
36.0,319.0,0.9402985074626866
36.0,35.0,0.9104477611940298
36.0,245.0,0.9104477611940298
36.0,364.0,0.9104477611940298
36.0,209.0,0.9104477611940298
36.0,61.0,0.9104477611940298
36.0,357.0,0.9253731343283582
36.0,215.0,0.9104477611940298
36.0,360.0,0.9104477611940298
36.0,333.0,0.9104477611940298
170.0,357.0,0.9253731343283582
170.0,260.0,0.9104477611940298
170.0,341.0,0.9104477611940298
170.0,130.0,0.9701492537313433
170.0,51.0,0.9253731343283582
170.0,360.0,0.9104477611940298
170.0,163.0,0.9253731343283582
170.0,68.0,0.9552238805970149
170.0,389.0,0.9253731343283582
170.0,333.0,0.9402985074626866
170.0,205.0,0.9104477611940298
170.0,91.0,0.9402985074626866
170.0,287.0,0.9253731343283582
170.0,153.0,0.9552238805970149
170.0,276.0,0.9104477611940298
170.0,85.0,0.9104477611940298
171.0,91.0,0.9253731343283582
29.0,301.0,0.9402985074626866
29.0,391.0,0.9253731343283582
29.0,176.0,0.9104477611940298
29.0,39.0,0.9850746268656716
29.0,78.0,0.9402985074626866
29.0,103.0,0.9104477611940298
29.0,197.0,0.9701492537313433
29.0,256.0,0.9104477611940298
29.0,198.0,0.9104477611940298
29.0,331.0,0.9253731343283582
29.0,311.0,0.9402985074626866
29.0,348.0,0.9552238805970149
29.0,213.0,0.9253731343283582
29.0,123.0,0.9253731343283582
29.0,14.0,0.9253731343283582
29.0,55.0,0.9402985074626866
29.0,118.0,0.9253731343283582
29.0,188.0,0.9104477611940298
29.0,342.0,0.9552238805970149
29.0,245.0,0.9104477611940298
29.0,364.0,0.9104477611940298
29.0,401.0,0.9253731343283582
29.0,340.0,0.9253731343283582
29.0,374.0,0.9402985074626866
126.0,267.0,0.9253731343283582
126.0,386.0,1.0
126.0,297.0,0.9701492537313433
126.0,139.0,0.9850746268656716
126.0,242.0,0.9701492537313433
126.0,109.0,0.9850746268656716
126.0,335.0,0.9701492537313433
126.0,272.0,0.9402985074626866
45.0,64.0,0.9104477611940298
45.0,78.0,0.9104477611940298
45.0,0.0,0.9253731343283582
45.0,278.0,0.9104477611940298
45.0,197.0,0.9104477611940298
45.0,164.0,0.9104477611940298
45.0,396.0,0.9402985074626866
45.0,256.0,0.9402985074626866
45.0,95.0,0.9104477611940298
45.0,58.0,0.9253731343283582
45.0,397.0,0.9402985074626866
45.0,363.0,0.9552238805970149
45.0,224.0,0.9253731343283582
45.0,264.0,0.9552238805970149
45.0,388.0,0.9552238805970149
45.0,92.0,0.9104477611940298
45.0,183.0,0.9104477611940298
45.0,310.0,0.9104477611940298
45.0,402.0,0.9402985074626866
45.0,292.0,0.9104477611940298
45.0,4.0,0.9104477611940298
45.0,44.0,0.9104477611940298
45.0,118.0,0.9253731343283582
45.0,188.0,0.9402985074626866
45.0,319.0,0.9104477611940298
45.0,94.0,0.9253731343283582
45.0,209.0,0.9701492537313433
45.0,227.0,0.9253731343283582
45.0,294.0,0.9253731343283582
45.0,61.0,0.9104477611940298
45.0,357.0,0.9552238805970149
45.0,360.0,0.9104477611940298
45.0,68.0,0.9253731343283582
45.0,333.0,0.9104477611940298
45.0,287.0,0.9552238805970149
6.0,219.0,0.9104477611940298
6.0,257.0,0.9701492537313433
6.0,6.0,1.0
6.0,179.0,0.9402985074626866
6.0,98.0,0.9402985074626866
6.0,7.0,0.9402985074626866
6.0,259.0,0.9104477611940298
6.0,301.0,0.9104477611940298
6.0,174.0,0.9253731343283582
6.0,243.0,0.9253731343283582
6.0,40.0,0.9253731343283582
6.0,26.0,0.9253731343283582
6.0,226.0,0.9552238805970149
6.0,362.0,0.9253731343283582
6.0,378.0,0.9253731343283582
6.0,25.0,0.9253731343283582
6.0,315.0,0.9253731343283582
6.0,328.0,0.9253731343283582
6.0,112.0,0.9104477611940298
6.0,164.0,0.9402985074626866
6.0,396.0,0.9104477611940298
6.0,397.0,0.9104477611940298
6.0,331.0,0.9253731343283582
6.0,160.0,0.9104477611940298
6.0,304.0,0.9253731343283582
6.0,76.0,0.9253731343283582
6.0,387.0,0.9552238805970149
6.0,3.0,0.9253731343283582
6.0,371.0,0.9253731343283582
6.0,402.0,0.9402985074626866
6.0,292.0,0.9104477611940298
6.0,4.0,0.9104477611940298
6.0,44.0,0.9402985074626866
6.0,55.0,0.9104477611940298
6.0,169.0,0.9104477611940298
6.0,86.0,0.9104477611940298
6.0,54.0,0.9104477611940298
6.0,336.0,0.9253731343283582
6.0,319.0,0.9402985074626866
6.0,35.0,0.9104477611940298
6.0,364.0,0.9104477611940298
6.0,168.0,0.9402985074626866
6.0,11.0,0.9402985074626866
6.0,235.0,0.9253731343283582
6.0,37.0,0.9552238805970149
6.0,299.0,0.9104477611940298
6.0,101.0,0.9253731343283582
6.0,398.0,0.9253731343283582
6.0,260.0,0.9701492537313433
6.0,130.0,0.9104477611940298
6.0,51.0,0.9253731343283582
6.0,360.0,0.9104477611940298
6.0,251.0,0.9253731343283582
6.0,178.0,0.9104477611940298
6.0,333.0,0.9104477611940298
6.0,91.0,0.9104477611940298
6.0,122.0,0.9402985074626866
6.0,369.0,0.9104477611940298
6.0,85.0,0.9402985074626866
179.0,360.0,0.9701492537313433
179.0,68.0,0.9552238805970149
179.0,83.0,0.9104477611940298
179.0,333.0,0.9402985074626866
179.0,205.0,0.9104477611940298
179.0,91.0,0.9104477611940298
179.0,287.0,0.9552238805970149
179.0,276.0,0.9104477611940298
179.0,85.0,0.9104477611940298
98.0,183.0,0.9104477611940298
98.0,310.0,0.9104477611940298
98.0,402.0,0.9402985074626866
98.0,4.0,0.9104477611940298
98.0,152.0,0.9552238805970149
98.0,54.0,0.9104477611940298
98.0,168.0,0.9402985074626866
98.0,214.0,0.9253731343283582
98.0,246.0,0.9253731343283582
98.0,11.0,0.9104477611940298
98.0,227.0,0.9253731343283582
98.0,37.0,0.9253731343283582
98.0,299.0,0.9402985074626866
98.0,295.0,0.9552238805970149
98.0,144.0,0.9104477611940298
98.0,398.0,0.9552238805970149
98.0,260.0,0.9402985074626866
98.0,341.0,0.9104477611940298
98.0,130.0,0.9701492537313433
98.0,51.0,0.9253731343283582
98.0,163.0,0.9552238805970149
98.0,68.0,0.9253731343283582
98.0,269.0,0.9104477611940298
98.0,333.0,0.9104477611940298
98.0,91.0,0.9402985074626866
98.0,153.0,0.9552238805970149
98.0,122.0,0.9104477611940298
98.0,369.0,0.9104477611940298
98.0,85.0,0.9402985074626866
143.0,209.0,0.9402985074626866
143.0,227.0,0.9253731343283582
143.0,360.0,0.9402985074626866
177.0,83.0,0.9104477611940298
177.0,333.0,0.9104477611940298
177.0,276.0,0.9402985074626866
23.0,77.0,0.9253731343283582
23.0,142.0,0.9402985074626866
23.0,325.0,0.9104477611940298
23.0,136.0,0.9402985074626866
23.0,377.0,0.9253731343283582
23.0,64.0,0.9104477611940298
23.0,358.0,0.9253731343283582
23.0,0.0,0.9253731343283582
23.0,278.0,0.9402985074626866
23.0,392.0,0.9402985074626866
23.0,48.0,0.9253731343283582
23.0,58.0,0.9253731343283582
23.0,320.0,0.9701492537313433
23.0,133.0,0.9402985074626866
23.0,160.0,0.9104477611940298
23.0,241.0,0.9402985074626866
23.0,224.0,0.9253731343283582
23.0,183.0,0.9402985074626866
23.0,310.0,0.9104477611940298
23.0,4.0,0.9104477611940298
23.0,152.0,0.9253731343283582
23.0,317.0,0.9104477611940298
23.0,246.0,0.9253731343283582
23.0,295.0,0.9253731343283582
23.0,144.0,0.9104477611940298
23.0,341.0,0.9402985074626866
23.0,68.0,0.9253731343283582
23.0,83.0,0.9402985074626866
23.0,389.0,0.9253731343283582
23.0,333.0,0.9104477611940298
23.0,205.0,0.9402985074626866
65.0,164.0,0.9253731343283582
65.0,58.0,0.9402985074626866
65.0,320.0,0.9253731343283582
65.0,133.0,0.9253731343283582
65.0,241.0,0.9552238805970149
65.0,224.0,0.9402985074626866
65.0,76.0,0.9104477611940298
65.0,337.0,0.9104477611940298
65.0,213.0,0.9104477611940298
65.0,388.0,0.9104477611940298
65.0,183.0,0.9253731343283582
65.0,310.0,0.9253731343283582
65.0,216.0,0.9104477611940298
65.0,123.0,0.9104477611940298
65.0,402.0,0.9253731343283582
65.0,292.0,0.9253731343283582
65.0,4.0,0.9253731343283582
65.0,44.0,0.9253731343283582
65.0,152.0,0.9402985074626866
65.0,80.0,0.9104477611940298
65.0,364.0,0.9253731343283582
65.0,94.0,0.9104477611940298
65.0,227.0,0.9402985074626866
65.0,37.0,0.9104477611940298
65.0,299.0,0.9253731343283582
65.0,295.0,0.9402985074626866
65.0,294.0,0.9104477611940298
65.0,357.0,0.9104477611940298
65.0,130.0,0.9253731343283582
65.0,68.0,0.9402985074626866
65.0,389.0,0.9104477611940298
65.0,333.0,0.9253731343283582
65.0,205.0,0.9253731343283582
65.0,287.0,0.9402985074626866
65.0,153.0,0.9402985074626866
65.0,276.0,0.9253731343283582
65.0,85.0,0.9253731343283582
7.0,219.0,0.9104477611940298
7.0,257.0,0.9104477611940298
7.0,6.0,0.9402985074626866
7.0,179.0,0.9104477611940298
7.0,98.0,0.9104477611940298
7.0,285.0,0.9104477611940298
7.0,7.0,1.0
7.0,259.0,0.9402985074626866
7.0,379.0,0.9104477611940298
7.0,325.0,0.9104477611940298
7.0,40.0,0.9253731343283582
7.0,26.0,0.9552238805970149
7.0,106.0,0.9552238805970149
7.0,290.0,0.9253731343283582
7.0,226.0,0.9850746268656716
7.0,362.0,0.9552238805970149
7.0,25.0,0.9552238805970149
7.0,48.0,0.9253731343283582
7.0,112.0,0.9104477611940298
7.0,164.0,0.9402985074626866
7.0,382.0,0.9253731343283582
7.0,241.0,0.9104477611940298
7.0,304.0,0.9552238805970149
7.0,76.0,0.9253731343283582
7.0,387.0,0.9850746268656716
7.0,3.0,0.9552238805970149
7.0,371.0,0.9552238805970149
7.0,402.0,0.9104477611940298
7.0,292.0,0.9402985074626866
7.0,44.0,0.9402985074626866
7.0,14.0,0.9253731343283582
7.0,55.0,0.9104477611940298
7.0,169.0,0.9402985074626866
7.0,54.0,0.9104477611940298
7.0,336.0,0.9552238805970149
7.0,319.0,0.9104477611940298
7.0,35.0,0.9104477611940298
7.0,364.0,0.9701492537313433
7.0,168.0,0.9402985074626866
7.0,317.0,0.9104477611940298
7.0,214.0,0.9253731343283582
7.0,11.0,0.9402985074626866
7.0,37.0,0.9850746268656716
7.0,299.0,0.9402985074626866
7.0,144.0,0.9104477611940298
7.0,398.0,0.9253731343283582
7.0,260.0,0.9701492537313433
7.0,341.0,0.9104477611940298
7.0,130.0,0.9104477611940298
7.0,51.0,0.9253731343283582
7.0,251.0,0.9253731343283582
7.0,389.0,0.9253731343283582
7.0,91.0,0.9402985074626866
7.0,153.0,0.9253731343283582
7.0,122.0,0.9402985074626866
7.0,369.0,0.9104477611940298
7.0,85.0,0.9104477611940298
77.0,397.0,0.9253731343283582
77.0,363.0,0.9104477611940298
77.0,160.0,0.9253731343283582
77.0,241.0,0.9253731343283582
77.0,224.0,0.9402985074626866
77.0,76.0,0.9104477611940298
77.0,337.0,0.9104477611940298
77.0,213.0,0.9402985074626866
77.0,388.0,0.9104477611940298
77.0,183.0,0.9552238805970149
77.0,310.0,0.9253731343283582
77.0,216.0,0.9104477611940298
77.0,402.0,0.9253731343283582
77.0,4.0,0.9253731343283582
77.0,152.0,0.9402985074626866
77.0,118.0,0.9104477611940298
77.0,336.0,0.9104477611940298
77.0,188.0,0.9253731343283582
77.0,80.0,0.9402985074626866
77.0,204.0,0.9104477611940298
77.0,227.0,0.9402985074626866
77.0,235.0,0.9104477611940298
77.0,295.0,0.9402985074626866
77.0,357.0,0.9104477611940298
77.0,130.0,0.9253731343283582
77.0,163.0,0.9104477611940298
77.0,68.0,0.9402985074626866
77.0,333.0,0.9253731343283582
77.0,287.0,0.9104477611940298
77.0,153.0,0.9104477611940298
77.0,276.0,0.9552238805970149
174.0,130.0,0.9253731343283582
174.0,251.0,0.9104477611940298
174.0,163.0,0.9402985074626866
174.0,269.0,0.9253731343283582
174.0,153.0,0.9104477611940298
174.0,122.0,0.9253731343283582
174.0,369.0,0.9253731343283582
174.0,85.0,0.9253731343283582
142.0,317.0,0.9104477611940298
142.0,94.0,0.9552238805970149
142.0,227.0,0.9552238805970149
142.0,299.0,0.9104477611940298
142.0,295.0,0.9253731343283582
142.0,294.0,0.9253731343283582
142.0,357.0,0.9253731343283582
142.0,341.0,0.9104477611940298
142.0,130.0,0.9104477611940298
142.0,360.0,0.9104477611940298
142.0,68.0,0.9850746268656716
142.0,83.0,0.9104477611940298
142.0,389.0,0.9253731343283582
142.0,333.0,0.9701492537313433
142.0,205.0,0.9701492537313433
142.0,287.0,0.9552238805970149
142.0,153.0,0.9253731343283582
142.0,276.0,0.9104477611940298
142.0,85.0,0.9402985074626866
40.0,106.0,0.9104477611940298
40.0,136.0,0.9253731343283582
40.0,226.0,0.9104477611940298
40.0,362.0,0.9104477611940298
40.0,0.0,0.9104477611940298
40.0,25.0,0.9402985074626866
40.0,328.0,0.9104477611940298
40.0,164.0,0.9253731343283582
40.0,382.0,0.9104477611940298
40.0,160.0,0.9253731343283582
40.0,304.0,0.9104477611940298
40.0,76.0,0.9402985074626866
40.0,387.0,0.9104477611940298
40.0,3.0,0.9104477611940298
40.0,183.0,0.9253731343283582
40.0,371.0,0.9104477611940298
40.0,402.0,0.9253731343283582
40.0,44.0,0.9253731343283582
40.0,152.0,0.9104477611940298
40.0,169.0,0.9253731343283582
40.0,86.0,0.9253731343283582
40.0,336.0,0.9104477611940298
40.0,94.0,0.9104477611940298
40.0,246.0,0.9104477611940298
40.0,235.0,0.9701492537313433
40.0,37.0,0.9402985074626866
40.0,101.0,0.9104477611940298
40.0,251.0,0.9104477611940298
40.0,163.0,0.9104477611940298
40.0,83.0,0.9253731343283582
40.0,287.0,0.9104477611940298
40.0,122.0,0.9552238805970149
26.0,379.0,0.9253731343283582
26.0,391.0,0.9104477611940298
26.0,40.0,0.9104477611940298
26.0,26.0,1.0
26.0,106.0,0.9104477611940298
26.0,39.0,0.9104477611940298
26.0,290.0,0.9104477611940298
26.0,226.0,0.9402985074626866
26.0,362.0,0.9104477611940298
26.0,25.0,0.9104477611940298
26.0,164.0,0.9253731343283582
26.0,256.0,0.9253731343283582
26.0,281.0,0.9104477611940298
26.0,304.0,0.9104477611940298
26.0,76.0,0.9104477611940298
26.0,387.0,0.9402985074626866
26.0,348.0,0.9104477611940298
26.0,3.0,0.9104477611940298
26.0,371.0,1.0
26.0,292.0,0.9253731343283582
26.0,44.0,0.9253731343283582
26.0,343.0,0.9104477611940298
26.0,336.0,0.9104477611940298
26.0,188.0,0.9253731343283582
26.0,364.0,0.9253731343283582
26.0,37.0,0.9701492537313433
26.0,260.0,0.9253731343283582
26.0,122.0,0.9253731343283582
106.0,371.0,0.9104477611940298
106.0,123.0,0.9104477611940298
106.0,292.0,0.9552238805970149
106.0,44.0,0.9552238805970149
106.0,152.0,0.9104477611940298
106.0,14.0,0.9402985074626866
106.0,55.0,0.9253731343283582
106.0,169.0,0.9253731343283582
106.0,118.0,0.9104477611940298
106.0,336.0,0.9701492537313433
106.0,188.0,0.9253731343283582
106.0,80.0,0.9104477611940298
106.0,319.0,0.9253731343283582
106.0,35.0,0.9253731343283582
106.0,364.0,0.9850746268656716
106.0,317.0,0.9253731343283582
106.0,94.0,0.9104477611940298
106.0,204.0,0.9104477611940298
106.0,11.0,0.9253731343283582
106.0,235.0,0.9104477611940298
106.0,37.0,0.9402985074626866
106.0,299.0,0.9253731343283582
106.0,260.0,0.9253731343283582
106.0,51.0,0.9104477611940298
106.0,251.0,0.9104477611940298
106.0,83.0,0.9253731343283582
106.0,389.0,0.9104477611940298
106.0,287.0,0.9104477611940298
106.0,153.0,0.9104477611940298
106.0,122.0,0.9253731343283582
136.0,364.0,0.9104477611940298
136.0,94.0,0.9552238805970149
136.0,235.0,0.9253731343283582
136.0,83.0,0.9104477611940298
136.0,287.0,0.9253731343283582
136.0,122.0,0.9104477611940298
176.0,269.0,0.9402985074626866
176.0,153.0,0.9253731343283582
176.0,85.0,0.9104477611940298
39.0,26.0,0.9104477611940298
39.0,106.0,0.9104477611940298
39.0,39.0,1.0
39.0,78.0,0.9253731343283582
39.0,103.0,0.9253731343283582
39.0,197.0,0.9552238805970149
39.0,331.0,0.9402985074626866
39.0,311.0,0.9253731343283582
39.0,348.0,0.9402985074626866
39.0,213.0,0.9104477611940298
39.0,371.0,0.9104477611940298
39.0,123.0,0.9104477611940298
39.0,343.0,0.9104477611940298
39.0,14.0,0.9402985074626866
39.0,55.0,0.9552238805970149
39.0,118.0,0.9104477611940298
39.0,336.0,0.9104477611940298
39.0,188.0,0.9253731343283582
39.0,342.0,0.9402985074626866
39.0,364.0,0.9253731343283582
39.0,401.0,0.9104477611940298
39.0,340.0,0.9104477611940298
39.0,374.0,0.9253731343283582
113.0,402.0,0.9253731343283582
113.0,4.0,0.9253731343283582
113.0,44.0,0.9253731343283582
113.0,14.0,0.9104477611940298
113.0,336.0,0.9104477611940298
113.0,319.0,0.9552238805970149
113.0,323.0,0.9253731343283582
113.0,386.0,0.9253731343283582
113.0,139.0,0.9104477611940298
113.0,364.0,0.9253731343283582
113.0,373.0,0.9701492537313433
113.0,227.0,0.9104477611940298
113.0,340.0,0.9104477611940298
113.0,357.0,0.9104477611940298
113.0,109.0,0.9104477611940298
113.0,51.0,0.9104477611940298
113.0,68.0,0.9104477611940298
113.0,333.0,0.9253731343283582
113.0,287.0,0.9104477611940298
113.0,272.0,0.9253731343283582
113.0,74.0,0.9253731343283582
64.0,95.0,0.9104477611940298
64.0,58.0,0.9552238805970149
64.0,320.0,0.9402985074626866
64.0,133.0,0.9104477611940298
64.0,397.0,0.9104477611940298
64.0,363.0,0.9253731343283582
64.0,160.0,0.9402985074626866
64.0,224.0,0.9253731343283582
64.0,183.0,0.9402985074626866
64.0,310.0,0.9402985074626866
64.0,402.0,0.9104477611940298
64.0,4.0,0.9402985074626866
64.0,188.0,0.9104477611940298
64.0,227.0,0.9253731343283582
64.0,61.0,0.9104477611940298
64.0,357.0,0.9253731343283582
64.0,68.0,0.9552238805970149
64.0,333.0,0.9402985074626866
64.0,205.0,0.9104477611940298
64.0,276.0,0.9104477611940298
78.0,397.0,0.9104477611940298
78.0,363.0,0.9253731343283582
78.0,331.0,0.9253731343283582
78.0,311.0,0.9402985074626866
78.0,348.0,0.9253731343283582
78.0,213.0,0.9253731343283582
78.0,123.0,0.9253731343283582
78.0,55.0,0.9104477611940298
78.0,188.0,0.9104477611940298
78.0,319.0,0.9104477611940298
78.0,209.0,0.9104477611940298
78.0,340.0,0.9253731343283582
78.0,61.0,0.9104477611940298
78.0,374.0,0.9104477611940298
103.0,55.0,0.9104477611940298
103.0,374.0,0.9104477611940298
0.0,347.0,0.9701492537313433
0.0,170.0,0.9552238805970149
0.0,380.0,0.9552238805970149
0.0,219.0,0.9253731343283582
0.0,45.0,0.9253731343283582
0.0,257.0,0.9253731343283582
0.0,179.0,0.9552238805970149
0.0,98.0,0.9253731343283582
0.0,285.0,0.9552238805970149
0.0,23.0,0.9253731343283582
0.0,65.0,0.9701492537313433
0.0,77.0,0.9402985074626866
0.0,230.0,0.9701492537313433
0.0,391.0,0.9104477611940298
0.0,243.0,0.9402985074626866
0.0,142.0,0.9850746268656716
0.0,280.0,0.9402985074626866
0.0,325.0,0.9552238805970149
0.0,40.0,0.9104477611940298
0.0,106.0,0.9104477611940298
0.0,334.0,0.9104477611940298
0.0,377.0,0.9701492537313433
0.0,290.0,0.9104477611940298
0.0,113.0,0.9104477611940298
0.0,64.0,0.9253731343283582
0.0,362.0,0.9104477611940298
0.0,358.0,0.9701492537313433
0.0,0.0,1.0
0.0,278.0,0.9850746268656716
0.0,392.0,0.9253731343283582
0.0,315.0,0.9402985074626866
0.0,328.0,0.9104477611940298
0.0,48.0,0.9701492537313433
0.0,112.0,0.9253731343283582
0.0,164.0,0.9552238805970149
0.0,58.0,0.9701492537313433
0.0,320.0,0.9253731343283582
0.0,133.0,0.9552238805970149
0.0,397.0,0.9253731343283582
0.0,363.0,0.9104477611940298
0.0,185.0,0.9104477611940298
0.0,331.0,0.9104477611940298
0.0,160.0,0.9253731343283582
0.0,241.0,0.9552238805970149
0.0,224.0,0.9701492537313433
0.0,76.0,0.9402985074626866
0.0,337.0,0.9104477611940298
0.0,250.0,0.9104477611940298
0.0,213.0,0.9104477611940298
0.0,388.0,0.9104477611940298
0.0,183.0,0.9552238805970149
0.0,310.0,0.9253731343283582
0.0,123.0,0.9402985074626866
0.0,402.0,0.9552238805970149
0.0,292.0,0.9253731343283582
0.0,4.0,0.9552238805970149
0.0,44.0,0.9552238805970149
0.0,152.0,0.9402985074626866
0.0,80.0,0.9104477611940298
0.0,319.0,0.9253731343283582
0.0,236.0,0.9253731343283582
0.0,35.0,0.9253731343283582
0.0,364.0,0.9253731343283582
0.0,94.0,0.9402985074626866
0.0,227.0,0.9701492537313433
0.0,235.0,0.9104477611940298
0.0,34.0,0.9104477611940298
0.0,37.0,0.9104477611940298
0.0,299.0,0.9253731343283582
0.0,295.0,0.9402985074626866
0.0,340.0,0.9104477611940298
0.0,294.0,0.9402985074626866
0.0,357.0,0.9402985074626866
0.0,130.0,0.9253731343283582
0.0,360.0,0.9253731343283582
0.0,68.0,0.9701492537313433
0.0,83.0,0.9253731343283582
0.0,389.0,0.9104477611940298
0.0,333.0,0.9552238805970149
0.0,205.0,0.9552238805970149
0.0,287.0,0.9701492537313433
0.0,153.0,0.9402985074626866
0.0,276.0,0.9253731343283582
0.0,85.0,0.9552238805970149
25.0,259.0,0.9253731343283582
25.0,174.0,0.9104477611940298
25.0,40.0,0.9402985074626866
25.0,26.0,0.9104477611940298
25.0,106.0,0.9402985074626866
25.0,226.0,0.9701492537313433
25.0,362.0,0.9402985074626866
25.0,25.0,1.0
25.0,112.0,0.9253731343283582
25.0,382.0,0.9402985074626866
25.0,304.0,0.9402985074626866
25.0,76.0,0.9104477611940298
25.0,387.0,0.9701492537313433
25.0,3.0,0.9701492537313433
25.0,371.0,0.9104477611940298
25.0,152.0,0.9104477611940298
25.0,169.0,0.9850746268656716
25.0,86.0,0.9253731343283582
25.0,336.0,0.9402985074626866
25.0,364.0,0.9253731343283582
25.0,168.0,0.9253731343283582
25.0,246.0,0.9402985074626866
25.0,11.0,0.9552238805970149
25.0,235.0,0.9104477611940298
25.0,37.0,0.9402985074626866
25.0,299.0,0.9253731343283582
25.0,255.0,0.9104477611940298
25.0,144.0,0.9552238805970149
25.0,49.0,0.9402985074626866
25.0,101.0,0.9402985074626866
25.0,398.0,0.9104477611940298
25.0,260.0,0.9552238805970149
25.0,51.0,0.9104477611940298
25.0,251.0,0.9701492537313433
25.0,163.0,0.9402985074626866
25.0,269.0,0.9253731343283582
25.0,153.0,0.9104477611940298
25.0,122.0,0.9850746268656716
25.0,369.0,0.9552238805970149
48.0,113.0,0.9104477611940298
48.0,362.0,0.9402985074626866
48.0,358.0,0.9402985074626866
48.0,0.0,0.9701492537313433
48.0,278.0,0.9552238805970149
48.0,392.0,0.9552238805970149
48.0,315.0,0.9104477611940298
48.0,48.0,1.0
48.0,112.0,0.9253731343283582
48.0,164.0,0.9253731343283582
48.0,58.0,0.9402985074626866
48.0,320.0,0.9253731343283582
48.0,133.0,0.9253731343283582
48.0,185.0,0.9104477611940298
48.0,241.0,0.9552238805970149
48.0,224.0,0.9402985074626866
48.0,76.0,0.9104477611940298
48.0,387.0,0.9104477611940298
48.0,337.0,0.9402985074626866
48.0,3.0,0.9104477611940298
48.0,213.0,0.9104477611940298
48.0,388.0,0.9104477611940298
48.0,183.0,0.9253731343283582
48.0,310.0,0.9253731343283582
48.0,123.0,0.9104477611940298
48.0,402.0,0.9253731343283582
48.0,292.0,0.9253731343283582
48.0,4.0,0.9253731343283582
48.0,44.0,0.9253731343283582
48.0,152.0,0.9402985074626866
48.0,14.0,0.9104477611940298
48.0,118.0,0.9104477611940298
48.0,336.0,0.9104477611940298
48.0,80.0,0.9104477611940298
48.0,364.0,0.9552238805970149
48.0,317.0,0.9253731343283582
48.0,214.0,0.9104477611940298
48.0,94.0,0.9104477611940298
48.0,246.0,0.9104477611940298
48.0,227.0,0.9402985074626866
48.0,37.0,0.9104477611940298
48.0,299.0,0.9552238805970149
48.0,295.0,0.9402985074626866
48.0,294.0,0.9104477611940298
48.0,398.0,0.9104477611940298
48.0,357.0,0.9104477611940298
48.0,341.0,0.9253731343283582
48.0,130.0,0.9552238805970149
48.0,51.0,0.9104477611940298
48.0,163.0,0.9104477611940298
48.0,68.0,0.9402985074626866
48.0,389.0,0.9402985074626866
48.0,333.0,0.9253731343283582
48.0,205.0,0.9253731343283582
48.0,91.0,0.9253731343283582
48.0,287.0,0.9402985074626866
48.0,153.0,0.9701492537313433
48.0,85.0,0.9253731343283582
112.0,402.0,0.9104477611940298
112.0,4.0,0.9104477611940298
112.0,44.0,0.9104477611940298
112.0,152.0,0.9552238805970149
112.0,169.0,0.9104477611940298
112.0,86.0,0.9104477611940298
112.0,336.0,0.9253731343283582
112.0,364.0,0.9104477611940298
112.0,246.0,0.9253731343283582
112.0,11.0,0.9104477611940298
112.0,299.0,0.9701492537313433
112.0,255.0,0.9253731343283582
112.0,144.0,0.9402985074626866
112.0,374.0,0.9104477611940298
112.0,260.0,0.9104477611940298
112.0,341.0,0.9104477611940298
112.0,130.0,0.9402985074626866
112.0,163.0,0.9253731343283582
112.0,83.0,0.9104477611940298
112.0,389.0,0.9253731343283582
112.0,269.0,0.9104477611940298
112.0,333.0,0.9104477611940298
112.0,205.0,0.9104477611940298
112.0,153.0,0.9552238805970149
112.0,122.0,0.9104477611940298
112.0,369.0,0.9104477611940298
112.0,85.0,0.9701492537313433
164.0,357.0,0.9253731343283582
164.0,260.0,0.9104477611940298
164.0,215.0,0.9104477611940298
164.0,360.0,0.9402985074626866
164.0,68.0,0.9253731343283582
164.0,83.0,0.9402985074626866
164.0,333.0,0.9402985074626866
164.0,205.0,0.9402985074626866
164.0,287.0,0.9552238805970149
164.0,122.0,0.9104477611940298
164.0,85.0,0.9402985074626866
104.0,54.0,0.9104477611940298
104.0,11.0,0.9402985074626866
104.0,255.0,0.9253731343283582
104.0,374.0,0.9104477611940298
104.0,260.0,0.9104477611940298
104.0,269.0,0.9402985074626866
95.0,310.0,0.9104477611940298
95.0,4.0,0.9104477611940298
95.0,188.0,0.9104477611940298
95.0,80.0,0.9253731343283582
95.0,333.0,0.9104477611940298
58.0,392.0,0.9552238805970149
58.0,315.0,0.9402985074626866
58.0,48.0,0.9402985074626866
58.0,164.0,0.9253731343283582
58.0,58.0,1.0
58.0,320.0,0.9552238805970149
58.0,133.0,0.9253731343283582
58.0,397.0,0.9253731343283582
58.0,363.0,0.9104477611940298
58.0,185.0,0.9104477611940298
58.0,331.0,0.9104477611940298
58.0,160.0,0.9552238805970149
58.0,241.0,0.9253731343283582
58.0,224.0,0.9701492537313433
58.0,76.0,0.9104477611940298
58.0,337.0,0.9104477611940298
58.0,250.0,0.9402985074626866
58.0,213.0,0.9104477611940298
58.0,388.0,0.9104477611940298
58.0,183.0,0.9552238805970149
58.0,310.0,0.9552238805970149
58.0,123.0,0.9104477611940298
58.0,402.0,0.9552238805970149
58.0,4.0,0.9850746268656716
58.0,44.0,0.9253731343283582
58.0,152.0,0.9104477611940298
58.0,80.0,0.9104477611940298
58.0,319.0,0.9253731343283582
58.0,236.0,0.9253731343283582
58.0,214.0,0.9104477611940298
58.0,94.0,0.9402985074626866
58.0,227.0,0.9701492537313433
58.0,235.0,0.9104477611940298
58.0,295.0,0.9402985074626866
58.0,340.0,0.9104477611940298
58.0,294.0,0.9104477611940298
58.0,398.0,0.9104477611940298
58.0,357.0,0.9402985074626866
58.0,130.0,0.9253731343283582
58.0,360.0,0.9253731343283582
58.0,68.0,1.0
58.0,389.0,0.9104477611940298
58.0,333.0,0.9850746268656716
58.0,205.0,0.9552238805970149
58.0,287.0,0.9402985074626866
58.0,153.0,0.9104477611940298
58.0,276.0,0.9253731343283582
58.0,85.0,0.9253731343283582
133.0,35.0,0.9104477611940298
133.0,364.0,0.9104477611940298
133.0,317.0,0.9104477611940298
133.0,227.0,0.9253731343283582
133.0,34.0,0.9253731343283582
133.0,299.0,0.9104477611940298
133.0,295.0,0.9253731343283582
133.0,341.0,0.9104477611940298
133.0,68.0,0.9253731343283582
133.0,83.0,0.9701492537313433
133.0,389.0,0.9253731343283582
133.0,333.0,0.9402985074626866
133.0,205.0,0.9701492537313433
133.0,287.0,0.9253731343283582
133.0,276.0,0.9104477611940298
133.0,85.0,0.9402985074626866
185.0,333.0,0.9253731343283582
185.0,287.0,0.9104477611940298
185.0,272.0,0.9253731343283582
185.0,74.0,0.9253731343283582
160.0,144.0,0.9104477611940298
160.0,398.0,0.9253731343283582
160.0,341.0,0.9402985074626866
160.0,130.0,0.9104477611940298
160.0,163.0,0.9253731343283582
160.0,68.0,0.9552238805970149
160.0,333.0,0.9402985074626866
160.0,205.0,0.9104477611940298
160.0,91.0,0.9104477611940298
160.0,276.0,0.9104477611940298
160.0,85.0,0.9104477611940298
187.0,272.0,0.9253731343283582
43.0,211.0,0.9253731343283582
43.0,187.0,0.9402985074626866
43.0,43.0,1.0
43.0,167.0,0.9104477611940298
43.0,15.0,0.9104477611940298
43.0,267.0,0.9402985074626866
43.0,386.0,0.9253731343283582
43.0,297.0,0.9253731343283582
43.0,139.0,0.9104477611940298
43.0,242.0,0.9253731343283582
43.0,109.0,0.9402985074626866
43.0,335.0,0.9253731343283582
76.0,133.0,0.9552238805970149
76.0,397.0,0.9552238805970149
76.0,363.0,0.9104477611940298
76.0,185.0,0.9104477611940298
76.0,331.0,0.9402985074626866
76.0,304.0,0.9104477611940298
76.0,224.0,0.9104477611940298
76.0,76.0,1.0
76.0,387.0,0.9104477611940298
76.0,3.0,0.9402985074626866
76.0,213.0,0.9104477611940298
76.0,141.0,0.9104477611940298
76.0,92.0,0.9253731343283582
76.0,183.0,0.9253731343283582
76.0,371.0,0.9104477611940298
76.0,15.0,0.9104477611940298
76.0,123.0,0.9402985074626866
76.0,402.0,0.9253731343283582
76.0,292.0,0.9552238805970149
76.0,4.0,0.9253731343283582
76.0,44.0,0.9850746268656716
76.0,152.0,0.9104477611940298
76.0,14.0,0.9104477611940298
76.0,55.0,0.9253731343283582
76.0,86.0,0.9253731343283582
76.0,336.0,0.9402985074626866
76.0,188.0,0.9253731343283582
76.0,80.0,0.9104477611940298
76.0,319.0,0.9552238805970149
76.0,35.0,0.9552238805970149
76.0,364.0,0.9552238805970149
76.0,94.0,0.9402985074626866
76.0,204.0,0.9402985074626866
76.0,227.0,0.9104477611940298
76.0,235.0,0.9402985074626866
76.0,34.0,0.9104477611940298
76.0,37.0,0.9402985074626866
76.0,340.0,0.9104477611940298
76.0,357.0,0.9104477611940298
76.0,228.0,0.9104477611940298
76.0,360.0,0.9253731343283582
76.0,68.0,0.9104477611940298
76.0,83.0,0.9552238805970149
76.0,333.0,0.9253731343283582
76.0,205.0,0.9253731343283582
76.0,287.0,0.9402985074626866
76.0,122.0,0.9253731343283582
76.0,85.0,0.9253731343283582
3.0,219.0,0.9253731343283582
3.0,6.0,0.9253731343283582
3.0,7.0,0.9552238805970149
3.0,259.0,0.9253731343283582
3.0,379.0,0.9253731343283582
3.0,391.0,0.9104477611940298
3.0,174.0,0.9104477611940298
3.0,40.0,0.9104477611940298
3.0,26.0,0.9104477611940298
3.0,106.0,0.9701492537313433
3.0,290.0,0.9104477611940298
3.0,226.0,0.9701492537313433
3.0,362.0,0.9701492537313433
3.0,25.0,0.9701492537313433
3.0,328.0,0.9104477611940298
3.0,48.0,0.9104477611940298
3.0,112.0,0.9552238805970149
3.0,164.0,0.9253731343283582
3.0,382.0,0.9402985074626866
3.0,304.0,0.9402985074626866
3.0,76.0,0.9402985074626866
3.0,387.0,0.9701492537313433
3.0,3.0,1.0
3.0,371.0,0.9104477611940298
3.0,292.0,0.9253731343283582
3.0,44.0,0.9253731343283582
3.0,152.0,0.9402985074626866
3.0,14.0,0.9104477611940298
3.0,169.0,0.9552238805970149
3.0,86.0,0.9253731343283582
3.0,336.0,0.9701492537313433
3.0,364.0,0.9552238805970149
3.0,168.0,0.9253731343283582
3.0,246.0,0.9104477611940298
3.0,11.0,0.9552238805970149
3.0,235.0,0.9104477611940298
3.0,37.0,0.9402985074626866
3.0,299.0,0.9552238805970149
3.0,255.0,0.9104477611940298
3.0,144.0,0.9253731343283582
3.0,49.0,0.9104477611940298
3.0,374.0,0.9253731343283582
3.0,101.0,0.9104477611940298
3.0,398.0,0.9104477611940298
3.0,260.0,0.9552238805970149
3.0,130.0,0.9253731343283582
3.0,51.0,0.9402985074626866
3.0,251.0,0.9402985074626866
3.0,163.0,0.9104477611940298
3.0,389.0,0.9104477611940298
3.0,153.0,0.9402985074626866
3.0,122.0,0.9552238805970149
3.0,369.0,0.9253731343283582
3.0,85.0,0.9253731343283582
141.0,235.0,0.9104477611940298
141.0,61.0,0.9253731343283582
141.0,357.0,0.9104477611940298
100.0,100.0,1.0
100.0,82.0,0.9104477611940298
100.0,323.0,0.9552238805970149
100.0,386.0,0.9253731343283582
100.0,139.0,0.9104477611940298
100.0,373.0,0.9104477611940298
100.0,109.0,0.9104477611940298
92.0,76.0,0.9253731343283582
92.0,92.0,1.0
92.0,44.0,0.9104477611940298
92.0,188.0,0.9402985074626866
92.0,294.0,0.9253731343283582
183.0,68.0,0.9552238805970149
183.0,83.0,0.9402985074626866
183.0,333.0,0.9402985074626866
183.0,205.0,0.9104477611940298
183.0,287.0,0.9253731343283582
183.0,276.0,0.9402985074626866
183.0,85.0,0.9104477611940298
82.0,185.0,0.9701492537313433
82.0,100.0,0.9104477611940298
82.0,82.0,1.0
82.0,319.0,0.9253731343283582
82.0,373.0,0.9701492537313433
15.0,243.0,0.9104477611940298
15.0,211.0,0.9253731343283582
15.0,397.0,0.9253731343283582
15.0,187.0,0.9104477611940298
15.0,43.0,0.9104477611940298
15.0,76.0,0.9104477611940298
15.0,183.0,0.9253731343283582
15.0,15.0,1.0
15.0,80.0,0.9104477611940298
15.0,267.0,0.9402985074626866
15.0,139.0,0.9104477611940298
15.0,242.0,0.9253731343283582
15.0,235.0,0.9104477611940298
15.0,340.0,0.9104477611940298
15.0,27.0,0.9253731343283582
15.0,109.0,0.9104477611940298
15.0,115.0,0.9104477611940298
123.0,319.0,0.9253731343283582
123.0,342.0,0.9104477611940298
123.0,35.0,0.9253731343283582
123.0,364.0,0.9253731343283582
123.0,401.0,0.9104477611940298
123.0,94.0,0.9104477611940298
123.0,227.0,0.9104477611940298
123.0,37.0,0.9104477611940298
123.0,340.0,0.9701492537313433
123.0,357.0,0.9104477611940298
123.0,228.0,0.9104477611940298
123.0,68.0,0.9104477611940298
123.0,333.0,0.9253731343283582
123.0,205.0,0.9253731343283582
123.0,287.0,0.9402985074626866
123.0,85.0,0.9253731343283582
4.0,219.0,0.9104477611940298
4.0,45.0,0.9104477611940298
4.0,257.0,0.9402985074626866
4.0,6.0,0.9104477611940298
4.0,208.0,0.9104477611940298
4.0,179.0,0.9402985074626866
4.0,98.0,0.9104477611940298
4.0,285.0,0.9402985074626866
4.0,177.0,0.9104477611940298
4.0,23.0,0.9104477611940298
4.0,65.0,0.9253731343283582
4.0,77.0,0.9253731343283582
4.0,230.0,0.9552238805970149
4.0,243.0,0.9552238805970149
4.0,142.0,0.9701492537313433
4.0,280.0,0.9253731343283582
4.0,325.0,0.9104477611940298
4.0,217.0,0.9402985074626866
4.0,334.0,0.9253731343283582
4.0,377.0,0.9253731343283582
4.0,290.0,0.9253731343283582
4.0,113.0,0.9253731343283582
4.0,64.0,0.9402985074626866
4.0,358.0,0.9552238805970149
4.0,0.0,0.9552238805970149
4.0,278.0,0.9402985074626866
4.0,392.0,0.9402985074626866
4.0,315.0,0.9552238805970149
4.0,48.0,0.9253731343283582
4.0,112.0,0.9104477611940298
4.0,164.0,0.9402985074626866
4.0,396.0,0.9104477611940298
4.0,95.0,0.9104477611940298
4.0,244.0,0.9104477611940298
4.0,58.0,0.9850746268656716
4.0,320.0,0.9402985074626866
4.0,133.0,0.9402985074626866
4.0,397.0,0.9402985074626866
4.0,185.0,0.9253731343283582
4.0,331.0,0.9253731343283582
4.0,160.0,0.9402985074626866
4.0,241.0,0.9104477611940298
4.0,224.0,0.9552238805970149
4.0,76.0,0.9253731343283582
4.0,337.0,0.9253731343283582
4.0,250.0,0.9552238805970149
4.0,213.0,0.9253731343283582
4.0,183.0,0.9402985074626866
4.0,310.0,0.9402985074626866
4.0,123.0,0.9253731343283582
4.0,402.0,0.9402985074626866
4.0,292.0,0.9104477611940298
4.0,4.0,1.0
4.0,44.0,0.9402985074626866
4.0,55.0,0.9104477611940298
4.0,80.0,0.9253731343283582
4.0,319.0,0.9402985074626866
4.0,236.0,0.9402985074626866
4.0,35.0,0.9104477611940298
4.0,364.0,0.9104477611940298
4.0,317.0,0.9104477611940298
4.0,214.0,0.9253731343283582
4.0,94.0,0.9253731343283582
4.0,227.0,0.9552238805970149
4.0,299.0,0.9104477611940298
4.0,295.0,0.9253731343283582
4.0,340.0,0.9253731343283582
4.0,357.0,0.9253731343283582
4.0,130.0,0.9104477611940298
4.0,360.0,0.9104477611940298
4.0,68.0,0.9850746268656716
4.0,83.0,0.9104477611940298
4.0,389.0,0.9253731343283582
4.0,333.0,1.0
4.0,205.0,0.9701492537313433
4.0,287.0,0.9253731343283582
4.0,276.0,0.9104477611940298
4.0,85.0,0.9402985074626866
44.0,377.0,0.9253731343283582
44.0,290.0,0.9552238805970149
44.0,226.0,0.9253731343283582
44.0,113.0,0.9253731343283582
44.0,362.0,0.9253731343283582
44.0,358.0,0.9552238805970149
44.0,0.0,0.9552238805970149
44.0,278.0,0.9402985074626866
44.0,315.0,0.9552238805970149
44.0,328.0,0.9253731343283582
44.0,48.0,0.9253731343283582
44.0,112.0,0.9104477611940298
44.0,164.0,1.0
44.0,396.0,0.9402985074626866
44.0,256.0,0.9104477611940298
44.0,244.0,0.9104477611940298
44.0,58.0,0.9253731343283582
44.0,133.0,0.9402985074626866
44.0,397.0,0.9402985074626866
44.0,185.0,0.9253731343283582
44.0,331.0,0.9552238805970149
44.0,241.0,0.9104477611940298
44.0,224.0,0.9253731343283582
44.0,76.0,0.9850746268656716
44.0,387.0,0.9253731343283582
44.0,3.0,0.9253731343283582
44.0,92.0,0.9104477611940298
44.0,183.0,0.9104477611940298
44.0,371.0,0.9253731343283582
44.0,123.0,0.9552238805970149
44.0,402.0,0.9402985074626866
44.0,292.0,0.9701492537313433
44.0,4.0,0.9402985074626866
44.0,44.0,1.0
44.0,14.0,0.9253731343283582
44.0,55.0,0.9402985074626866
44.0,86.0,0.9104477611940298
44.0,336.0,0.9253731343283582
44.0,188.0,0.9104477611940298
44.0,319.0,0.9701492537313433
44.0,236.0,0.9104477611940298
44.0,35.0,0.9701492537313433
44.0,364.0,0.9701492537313433
44.0,317.0,0.9104477611940298
44.0,94.0,0.9552238805970149
44.0,204.0,0.9253731343283582
44.0,227.0,0.9253731343283582
44.0,235.0,0.9253731343283582
44.0,37.0,0.9552238805970149
44.0,299.0,0.9104477611940298
44.0,340.0,0.9253731343283582
44.0,357.0,0.9253731343283582
44.0,260.0,0.9104477611940298
44.0,215.0,0.9104477611940298
44.0,360.0,0.9402985074626866
44.0,68.0,0.9253731343283582
44.0,83.0,0.9402985074626866
44.0,333.0,0.9402985074626866
44.0,205.0,0.9402985074626866
44.0,287.0,0.9552238805970149
44.0,122.0,0.9104477611940298
44.0,85.0,0.9402985074626866
152.0,235.0,0.9104477611940298
152.0,37.0,0.9104477611940298
152.0,299.0,0.9552238805970149
152.0,255.0,0.9104477611940298
152.0,295.0,0.9402985074626866
152.0,144.0,0.9253731343283582
152.0,398.0,0.9104477611940298
152.0,341.0,0.9253731343283582
152.0,130.0,0.9552238805970149
152.0,51.0,0.9104477611940298
152.0,163.0,0.9402985074626866
152.0,68.0,0.9104477611940298
152.0,389.0,0.9104477611940298
152.0,287.0,0.9104477611940298
152.0,153.0,0.9701492537313433
152.0,122.0,0.9253731343283582
152.0,85.0,0.9552238805970149
14.0,179.0,0.9253731343283582
14.0,285.0,0.9253731343283582
14.0,7.0,0.9253731343283582
14.0,379.0,0.9253731343283582
14.0,243.0,0.9104477611940298
14.0,106.0,0.9402985074626866
14.0,334.0,0.9104477611940298
14.0,176.0,0.9253731343283582
14.0,39.0,0.9402985074626866
14.0,290.0,0.9104477611940298
14.0,226.0,0.9104477611940298
14.0,113.0,0.9104477611940298
14.0,362.0,0.9104477611940298
14.0,315.0,0.9104477611940298
14.0,48.0,0.9104477611940298
14.0,164.0,0.9253731343283582
14.0,382.0,0.9104477611940298
14.0,185.0,0.9104477611940298
14.0,331.0,0.9402985074626866
14.0,304.0,0.9104477611940298
14.0,76.0,0.9104477611940298
14.0,387.0,0.9104477611940298
14.0,337.0,0.9104477611940298
14.0,3.0,0.9104477611940298
14.0,213.0,0.9104477611940298
14.0,388.0,0.9104477611940298
14.0,123.0,0.9104477611940298
14.0,292.0,0.9253731343283582
14.0,44.0,0.9253731343283582
14.0,14.0,1.0
14.0,55.0,0.9552238805970149
14.0,336.0,0.9402985074626866
14.0,80.0,0.9104477611940298
14.0,319.0,0.9253731343283582
14.0,342.0,0.9104477611940298
14.0,364.0,0.9552238805970149
14.0,37.0,0.9104477611940298
14.0,340.0,0.9402985074626866
14.0,260.0,0.9253731343283582
14.0,51.0,0.9104477611940298
14.0,360.0,0.9253731343283582
55.0,315.0,0.9253731343283582
55.0,197.0,0.9402985074626866
55.0,164.0,0.9402985074626866
55.0,396.0,0.9104477611940298
55.0,244.0,0.9402985074626866
55.0,198.0,0.9104477611940298
55.0,397.0,0.9104477611940298
55.0,331.0,0.9850746268656716
55.0,311.0,0.9402985074626866
55.0,76.0,0.9253731343283582
55.0,348.0,0.9253731343283582
55.0,213.0,0.9552238805970149
55.0,123.0,0.9552238805970149
55.0,402.0,0.9104477611940298
55.0,292.0,0.9402985074626866
55.0,4.0,0.9104477611940298
55.0,44.0,0.9402985074626866
55.0,14.0,0.9552238805970149
55.0,55.0,1.0
55.0,336.0,0.9253731343283582
55.0,188.0,0.9104477611940298
55.0,319.0,0.9402985074626866
55.0,342.0,0.9253731343283582
55.0,35.0,0.9104477611940298
55.0,245.0,0.9104477611940298
55.0,364.0,0.9402985074626866
55.0,401.0,0.9253731343283582
55.0,37.0,0.9253731343283582
55.0,340.0,0.9552238805970149
55.0,260.0,0.9104477611940298
55.0,228.0,0.9253731343283582
55.0,360.0,0.9104477611940298
55.0,333.0,0.9104477611940298
169.0,260.0,0.9402985074626866
169.0,251.0,0.9552238805970149
169.0,163.0,0.9253731343283582
169.0,269.0,0.9104477611940298
169.0,122.0,0.9701492537313433
169.0,369.0,0.9402985074626866
86.0,76.0,0.9253731343283582
86.0,3.0,0.9253731343283582
86.0,44.0,0.9104477611940298
86.0,169.0,0.9104477611940298
86.0,86.0,1.0
86.0,125.0,0.9104477611940298
86.0,204.0,0.9253731343283582
86.0,235.0,0.9253731343283582
86.0,101.0,0.9552238805970149
86.0,178.0,0.9104477611940298
86.0,83.0,0.9104477611940298
86.0,122.0,0.9402985074626866
86.0,85.0,0.9104477611940298
118.0,118.0,1.0
118.0,336.0,0.9104477611940298
118.0,188.0,0.9552238805970149
118.0,342.0,0.9104477611940298
118.0,209.0,0.9253731343283582
54.0,104.0,0.9104477611940298
54.0,387.0,0.9253731343283582
54.0,54.0,1.0
54.0,168.0,0.9104477611940298
54.0,11.0,0.9104477611940298
54.0,299.0,0.9104477611940298
54.0,49.0,0.9253731343283582
54.0,398.0,0.9253731343283582
54.0,260.0,0.9402985074626866
54.0,130.0,0.9104477611940298
54.0,269.0,0.9104477611940298
54.0,91.0,0.9104477611940298
80.0,385.0,0.9104477611940298
80.0,224.0,0.9104477611940298
80.0,76.0,0.9104477611940298
80.0,337.0,0.9104477611940298
80.0,213.0,0.9402985074626866
80.0,388.0,0.9104477611940298
80.0,183.0,0.9253731343283582
80.0,15.0,0.9104477611940298
80.0,4.0,0.9253731343283582
80.0,152.0,0.9104477611940298
80.0,14.0,0.9104477611940298
80.0,336.0,0.9104477611940298
80.0,80.0,1.0
80.0,236.0,0.9253731343283582
80.0,227.0,0.9104477611940298
80.0,295.0,0.9104477611940298
80.0,340.0,0.9104477611940298
80.0,68.0,0.9104477611940298
80.0,333.0,0.9253731343283582
35.0,106.0,0.9253731343283582
35.0,290.0,0.9253731343283582
35.0,358.0,0.9253731343283582
35.0,0.0,0.9253731343283582
35.0,278.0,0.9104477611940298
35.0,315.0,0.9253731343283582
35.0,164.0,0.9701492537313433
35.0,396.0,0.9104477611940298
35.0,133.0,0.9104477611940298
35.0,397.0,0.9104477611940298
35.0,331.0,0.9253731343283582
35.0,76.0,0.9552238805970149
35.0,123.0,0.9253731343283582
35.0,402.0,0.9104477611940298
35.0,292.0,0.9402985074626866
35.0,4.0,0.9104477611940298
35.0,44.0,0.9701492537313433
35.0,55.0,0.9104477611940298
35.0,319.0,0.9402985074626866
35.0,35.0,1.0
35.0,364.0,0.9402985074626866
35.0,94.0,0.9253731343283582
35.0,37.0,0.9253731343283582
35.0,360.0,0.9104477611940298
35.0,83.0,0.9104477611940298
35.0,333.0,0.9104477611940298
35.0,205.0,0.9104477611940298
35.0,287.0,0.9253731343283582
35.0,85.0,0.9104477611940298
139.0,242.0,0.9850746268656716
139.0,308.0,0.9104477611940298
139.0,109.0,0.9701492537313433
139.0,335.0,0.9552238805970149
139.0,272.0,0.9253731343283582
125.0,125.0,1.0
125.0,11.0,0.9104477611940298
125.0,101.0,0.9253731343283582
125.0,178.0,0.9104477611940298
125.0,122.0,0.9104477611940298
168.0,398.0,0.9552238805970149
168.0,260.0,0.9701492537313433
168.0,130.0,0.9402985074626866
168.0,51.0,0.9552238805970149
168.0,251.0,0.9253731343283582
168.0,163.0,0.9253731343283582
168.0,91.0,0.9402985074626866
168.0,153.0,0.9253731343283582
168.0,122.0,0.9104477611940298
168.0,369.0,0.9104477611940298
94.0,76.0,0.9402985074626866
94.0,388.0,0.9104477611940298
94.0,123.0,0.9104477611940298
94.0,402.0,0.9253731343283582
94.0,292.0,0.9552238805970149
94.0,4.0,0.9253731343283582
94.0,44.0,0.9552238805970149
94.0,319.0,0.9253731343283582
94.0,35.0,0.9253731343283582
94.0,364.0,0.9253731343283582
94.0,94.0,1.0
94.0,227.0,0.9104477611940298
94.0,235.0,0.9104477611940298
94.0,37.0,0.9104477611940298
94.0,357.0,0.9402985074626866
94.0,360.0,0.9253731343283582
94.0,68.0,0.9402985074626866
94.0,333.0,0.9253731343283582
94.0,205.0,0.9253731343283582
94.0,287.0,0.9701492537313433
11.0,6.0,0.9402985074626866
11.0,98.0,0.9104477611940298
11.0,7.0,0.9402985074626866
11.0,259.0,0.9104477611940298
11.0,379.0,0.9104477611940298
11.0,174.0,0.9552238805970149
11.0,106.0,0.9253731343283582
11.0,226.0,0.9552238805970149
11.0,362.0,0.9253731343283582
11.0,25.0,0.9552238805970149
11.0,112.0,0.9104477611940298
11.0,104.0,0.9402985074626866
11.0,382.0,0.9253731343283582
11.0,385.0,0.9253731343283582
11.0,304.0,0.9552238805970149
11.0,387.0,0.9552238805970149
11.0,3.0,0.9552238805970149
11.0,169.0,0.9402985074626866
11.0,54.0,0.9104477611940298
11.0,336.0,0.9552238805970149
11.0,364.0,0.9104477611940298
11.0,125.0,0.9104477611940298
11.0,168.0,0.9402985074626866
11.0,11.0,1.0
11.0,37.0,0.9253731343283582
11.0,299.0,0.9104477611940298
11.0,144.0,0.9104477611940298
11.0,49.0,0.9253731343283582
11.0,101.0,0.9253731343283582
11.0,398.0,0.9253731343283582
11.0,260.0,0.9701492537313433
11.0,130.0,0.9104477611940298
11.0,51.0,0.9253731343283582
11.0,251.0,0.9552238805970149
11.0,178.0,0.9104477611940298
11.0,163.0,0.9253731343283582
11.0,269.0,0.9104477611940298
11.0,91.0,0.9104477611940298
11.0,122.0,0.9402985074626866
11.0,369.0,0.9402985074626866
34.0,358.0,0.9104477611940298
34.0,0.0,0.9104477611940298
34.0,133.0,0.9253731343283582
34.0,363.0,0.9104477611940298
34.0,76.0,0.9104477611940298
34.0,183.0,0.9253731343283582
34.0,34.0,1.0
34.0,294.0,0.9104477611940298
34.0,83.0,0.9253731343283582
37.0,40.0,0.9402985074626866
37.0,26.0,0.9701492537313433
37.0,106.0,0.9402985074626866
37.0,290.0,0.9402985074626866
37.0,226.0,0.9701492537313433
37.0,362.0,0.9402985074626866
37.0,358.0,0.9104477611940298
37.0,0.0,0.9104477611940298
37.0,25.0,0.9402985074626866
37.0,315.0,0.9104477611940298
37.0,328.0,0.9104477611940298
37.0,48.0,0.9104477611940298
37.0,164.0,0.9552238805970149
37.0,382.0,0.9104477611940298
37.0,331.0,0.9104477611940298
37.0,241.0,0.9253731343283582
37.0,304.0,0.9402985074626866
37.0,76.0,0.9402985074626866
37.0,387.0,0.9701492537313433
37.0,3.0,0.9402985074626866
37.0,371.0,0.9701492537313433
37.0,123.0,0.9104477611940298
37.0,402.0,0.9253731343283582
37.0,292.0,0.9552238805970149
37.0,44.0,0.9552238805970149
37.0,152.0,0.9104477611940298
37.0,14.0,0.9104477611940298
37.0,55.0,0.9253731343283582
37.0,169.0,0.9253731343283582
37.0,336.0,0.9402985074626866
37.0,319.0,0.9253731343283582
37.0,35.0,0.9253731343283582
37.0,364.0,0.9552238805970149
37.0,168.0,0.9253731343283582
37.0,214.0,0.9104477611940298
37.0,94.0,0.9104477611940298
37.0,11.0,0.9253731343283582
37.0,235.0,0.9104477611940298
37.0,37.0,1.0
37.0,299.0,0.9253731343283582
37.0,295.0,0.9104477611940298
37.0,101.0,0.9104477611940298
37.0,398.0,0.9104477611940298
37.0,260.0,0.9552238805970149
37.0,51.0,0.9104477611940298
37.0,251.0,0.9104477611940298
37.0,389.0,0.9104477611940298
37.0,91.0,0.9253731343283582
37.0,287.0,0.9104477611940298
37.0,153.0,0.9104477611940298
37.0,122.0,0.9552238805970149
37.0,85.0,0.9253731343283582
27.0,15.0,0.9253731343283582
27.0,27.0,1.0
144.0,246.0,0.9552238805970149
144.0,11.0,0.9104477611940298
144.0,299.0,0.9402985074626866
144.0,255.0,0.9253731343283582
144.0,144.0,1.0
144.0,173.0,0.9402985074626866
144.0,49.0,0.9253731343283582
144.0,398.0,0.9253731343283582
144.0,260.0,0.9104477611940298
144.0,341.0,0.9402985074626866
144.0,130.0,0.9104477611940298
144.0,251.0,0.9552238805970149
144.0,163.0,0.9552238805970149
144.0,389.0,0.9253731343283582
144.0,269.0,0.9402985074626866
144.0,153.0,0.9253731343283582
144.0,122.0,0.9402985074626866
144.0,369.0,0.9402985074626866
144.0,85.0,0.9104477611940298
61.0,396.0,0.9104477611940298
61.0,397.0,0.9402985074626866
61.0,141.0,0.9253731343283582
61.0,319.0,0.9104477611940298
61.0,209.0,0.9104477611940298
61.0,61.0,1.0
61.0,357.0,0.9253731343283582
108.0,299.0,0.9253731343283582
108.0,294.0,0.9104477611940298
108.0,108.0,1.0
108.0,153.0,0.9104477611940298
49.0,25.0,0.9402985074626866
49.0,382.0,0.9104477611940298
49.0,385.0,0.9104477611940298
49.0,304.0,0.9104477611940298
49.0,387.0,0.9104477611940298
49.0,3.0,0.9104477611940298
49.0,169.0,0.9253731343283582
49.0,54.0,0.9253731343283582
49.0,336.0,0.9104477611940298
49.0,246.0,0.9104477611940298
49.0,11.0,0.9253731343283582
49.0,255.0,0.9104477611940298
49.0,144.0,0.9253731343283582
49.0,49.0,1.0
49.0,101.0,0.9402985074626866
49.0,398.0,0.9104477611940298
49.0,260.0,0.9253731343283582
49.0,251.0,0.9402985074626866
49.0,163.0,0.9402985074626866
49.0,269.0,0.9253731343283582
49.0,122.0,0.9253731343283582
49.0,369.0,0.9253731343283582
101.0,169.0,0.9253731343283582
101.0,86.0,0.9552238805970149
101.0,336.0,0.9104477611940298
101.0,125.0,0.9253731343283582
101.0,204.0,0.9104477611940298
101.0,11.0,0.9253731343283582
101.0,235.0,0.9104477611940298
101.0,37.0,0.9104477611940298
101.0,49.0,0.9402985074626866
101.0,101.0,1.0
101.0,260.0,0.9253731343283582
101.0,251.0,0.9402985074626866
101.0,178.0,0.9253731343283582
101.0,163.0,0.9104477611940298
101.0,122.0,0.9552238805970149
101.0,369.0,0.9253731343283582
109.0,15.0,0.9104477611940298
109.0,267.0,0.9402985074626866
109.0,386.0,0.9850746268656716
109.0,297.0,0.9552238805970149
109.0,139.0,0.9701492537313433
109.0,242.0,0.9850746268656716
109.0,109.0,1.0
109.0,115.0,0.9104477611940298
109.0,335.0,0.9850746268656716
109.0,272.0,0.9253731343283582
130.0,364.0,0.9104477611940298
130.0,168.0,0.9402985074626866
130.0,214.0,0.9253731343283582
130.0,246.0,0.9253731343283582
130.0,11.0,0.9104477611940298
130.0,227.0,0.9253731343283582
130.0,299.0,0.9701492537313433
130.0,255.0,0.9253731343283582
130.0,295.0,0.9552238805970149
130.0,144.0,0.9104477611940298
130.0,398.0,0.9552238805970149
130.0,260.0,0.9402985074626866
130.0,341.0,0.9104477611940298
130.0,130.0,1.0
130.0,51.0,0.9552238805970149
130.0,163.0,0.9552238805970149
130.0,68.0,0.9253731343283582
130.0,389.0,0.9253731343283582
130.0,269.0,0.9104477611940298
130.0,333.0,0.9104477611940298
130.0,91.0,0.9402985074626866
130.0,153.0,0.9850746268656716
130.0,369.0,0.9104477611940298
130.0,85.0,0.9402985074626866
115.0,267.0,0.9104477611940298
115.0,109.0,0.9104477611940298
115.0,115.0,1.0
51.0,378.0,0.9402985074626866
51.0,25.0,0.9104477611940298
51.0,328.0,0.9104477611940298
51.0,48.0,0.9104477611940298
51.0,382.0,0.9104477611940298
51.0,206.0,0.9253731343283582
51.0,185.0,0.9104477611940298
51.0,304.0,0.9104477611940298
51.0,387.0,0.9402985074626866
51.0,3.0,0.9402985074626866
51.0,402.0,0.9253731343283582
51.0,152.0,0.9104477611940298
51.0,14.0,0.9104477611940298
51.0,336.0,0.9402985074626866
51.0,319.0,0.9253731343283582
51.0,364.0,0.9253731343283582
51.0,168.0,0.9552238805970149
51.0,11.0,0.9253731343283582
51.0,235.0,0.9104477611940298
51.0,37.0,0.9104477611940298
51.0,299.0,0.9253731343283582
51.0,295.0,0.9104477611940298
51.0,398.0,0.9402985074626866
51.0,260.0,0.9552238805970149
51.0,130.0,0.9552238805970149
51.0,51.0,1.0
51.0,251.0,0.9104477611940298
51.0,163.0,0.9104477611940298
51.0,91.0,0.9253731343283582
51.0,153.0,0.9402985074626866
178.0,178.0,1.0
163.0,49.0,0.9402985074626866
163.0,101.0,0.9104477611940298
163.0,398.0,0.9402985074626866
163.0,260.0,0.9253731343283582
163.0,341.0,0.9253731343283582
163.0,130.0,0.9552238805970149
163.0,51.0,0.9104477611940298
163.0,251.0,0.9402985074626866
163.0,163.0,1.0
163.0,269.0,0.9552238805970149
163.0,91.0,0.9253731343283582
163.0,153.0,0.9402985074626866
163.0,122.0,0.9253731343283582
163.0,369.0,0.9552238805970149
68.0,58.0,1.0
68.0,320.0,0.9552238805970149
68.0,133.0,0.9253731343283582
68.0,397.0,0.9253731343283582
68.0,363.0,0.9104477611940298
68.0,185.0,0.9104477611940298
68.0,331.0,0.9104477611940298
68.0,160.0,0.9552238805970149
68.0,241.0,0.9253731343283582
68.0,224.0,0.9701492537313433
68.0,76.0,0.9104477611940298
68.0,337.0,0.9104477611940298
68.0,250.0,0.9402985074626866
68.0,213.0,0.9104477611940298
68.0,388.0,0.9104477611940298
68.0,183.0,0.9552238805970149
68.0,310.0,0.9552238805970149
68.0,123.0,0.9104477611940298
68.0,402.0,0.9552238805970149
68.0,4.0,0.9850746268656716
68.0,44.0,0.9253731343283582
68.0,152.0,0.9104477611940298
68.0,80.0,0.9104477611940298
68.0,319.0,0.9253731343283582
68.0,236.0,0.9253731343283582
68.0,214.0,0.9104477611940298
68.0,94.0,0.9402985074626866
68.0,227.0,0.9701492537313433
68.0,235.0,0.9104477611940298
68.0,295.0,0.9402985074626866
68.0,340.0,0.9104477611940298
68.0,294.0,0.9104477611940298
68.0,398.0,0.9104477611940298
68.0,357.0,0.9402985074626866
68.0,130.0,0.9253731343283582
68.0,360.0,0.9253731343283582
68.0,68.0,1.0
68.0,389.0,0.9104477611940298
68.0,333.0,0.9850746268656716
68.0,205.0,0.9552238805970149
68.0,287.0,0.9402985074626866
68.0,153.0,0.9104477611940298
68.0,276.0,0.9253731343283582
68.0,85.0,0.9253731343283582
83.0,241.0,0.9104477611940298
83.0,224.0,0.9253731343283582
83.0,76.0,0.9552238805970149
83.0,183.0,0.9402985074626866
83.0,292.0,0.9104477611940298
83.0,4.0,0.9104477611940298
83.0,44.0,0.9402985074626866
83.0,86.0,0.9104477611940298
83.0,319.0,0.9104477611940298
83.0,35.0,0.9104477611940298
83.0,364.0,0.9104477611940298
83.0,235.0,0.9253731343283582
83.0,34.0,0.9253731343283582
83.0,83.0,1.0
83.0,333.0,0.9104477611940298
83.0,205.0,0.9402985074626866
83.0,122.0,0.9104477611940298
83.0,369.0,0.9104477611940298
83.0,85.0,0.9104477611940298
91.0,387.0,0.9253731343283582
91.0,402.0,0.9402985074626866
91.0,54.0,0.9104477611940298
91.0,336.0,0.9253731343283582
91.0,364.0,0.9104477611940298
91.0,168.0,0.9402985074626866
91.0,317.0,0.9104477611940298
91.0,214.0,0.9253731343283582
91.0,11.0,0.9104477611940298
91.0,227.0,0.9253731343283582
91.0,37.0,0.9253731343283582
91.0,299.0,0.9104477611940298
91.0,295.0,0.9253731343283582
91.0,398.0,0.9552238805970149
91.0,260.0,0.9402985074626866
91.0,341.0,0.9104477611940298
91.0,130.0,0.9402985074626866
91.0,51.0,0.9253731343283582
91.0,360.0,0.9104477611940298
91.0,163.0,0.9253731343283582
91.0,91.0,1.0
91.0,153.0,0.9253731343283582
153.0,37.0,0.9104477611940298
153.0,299.0,0.9850746268656716
153.0,255.0,0.9104477611940298
153.0,295.0,0.9402985074626866
153.0,144.0,0.9253731343283582
153.0,108.0,0.9104477611940298
153.0,398.0,0.9402985074626866
153.0,260.0,0.9253731343283582
153.0,341.0,0.9253731343283582
153.0,130.0,0.9850746268656716
153.0,51.0,0.9402985074626866
153.0,163.0,0.9402985074626866
153.0,68.0,0.9104477611940298
153.0,389.0,0.9402985074626866
153.0,91.0,0.9253731343283582
153.0,287.0,0.9104477611940298
153.0,153.0,1.0
153.0,85.0,0.9552238805970149
122.0,86.0,0.9402985074626866
122.0,336.0,0.9253731343283582
122.0,364.0,0.9104477611940298
122.0,125.0,0.9104477611940298
122.0,168.0,0.9104477611940298
122.0,246.0,0.9253731343283582
122.0,11.0,0.9402985074626866
122.0,235.0,0.9253731343283582
122.0,37.0,0.9552238805970149
122.0,299.0,0.9104477611940298
122.0,144.0,0.9402985074626866
122.0,49.0,0.9253731343283582
122.0,101.0,0.9552238805970149
122.0,260.0,0.9402985074626866
122.0,251.0,0.9552238805970149
122.0,163.0,0.9253731343283582
122.0,83.0,0.9104477611940298
122.0,269.0,0.9104477611940298
122.0,122.0,1.0
122.0,369.0,0.9402985074626866
122.0,85.0,0.9104477611940298
85.0,160.0,0.9104477611940298
85.0,241.0,0.9402985074626866
85.0,224.0,0.9253731343283582
85.0,76.0,0.9253731343283582
85.0,387.0,0.9253731343283582
85.0,3.0,0.9253731343283582
85.0,183.0,0.9104477611940298
85.0,123.0,0.9253731343283582
85.0,402.0,0.9402985074626866
85.0,292.0,0.9104477611940298
85.0,4.0,0.9402985074626866
85.0,44.0,0.9402985074626866
85.0,152.0,0.9552238805970149
85.0,86.0,0.9104477611940298
85.0,319.0,0.9104477611940298
85.0,236.0,0.9104477611940298
85.0,35.0,0.9104477611940298
85.0,364.0,0.9104477611940298
85.0,227.0,0.9253731343283582
85.0,37.0,0.9253731343283582
85.0,299.0,0.9701492537313433
85.0,295.0,0.9253731343283582
85.0,144.0,0.9104477611940298
85.0,260.0,0.9104477611940298
85.0,130.0,0.9402985074626866
85.0,68.0,0.9253731343283582
85.0,83.0,0.9104477611940298
85.0,389.0,0.9253731343283582
85.0,333.0,0.9402985074626866
85.0,205.0,0.9402985074626866
85.0,287.0,0.9253731343283582
85.0,153.0,0.9552238805970149
85.0,122.0,0.9104477611940298
85.0,85.0,1.0
74.0,185.0,0.9253731343283582
74.0,323.0,0.9104477611940298
74.0,74.0,1.0
